<DTE version="1.0">
	<Exportaciones ID="">
		<Encabezado>
			<IdDoc>
				<TipoDTE></TipoDTE>
				<Folio></Folio>
				<FchEmis></FchEmis>
				<IndNoRebaja></IndNoRebaja>
				<TipoDespacho></TipoDespacho>
				<IndTraslado></IndTraslado>
				<TpoImpresion></TpoImpresion>
				<IndServicio></IndServicio>
				<MntBruto></MntBruto>
				<TpoTranVenta></TpoTranVenta>
				<FmaPago></FmaPago>
				<FmaPagExp></FmaPagExp>
				<FchCancel></FchCancel>
				<MntCancel></MntCancel>
				<SaldoInSol></SaldoInSol>
				<MntPagos>
					<FchPago></FchPago>
					<MntPago></MntPago>
					<GlosaPagos></GlosaPagos>
				</MntPagos>
				<PeriodoDesde></PeriodoDesde>
				<PeriodoHasta></PeriodoHasta>
				<MedioPago></MedioPago>
				<TpoCtaPago></TpoCtaPago>
				<NumCtaPago></NumCtaPago>
				<BcoPago></BcoPago>
				<TermPagoCdg></TermPagoCdg>
				<TermPagoGlosa></TermPagoGlosa>
				<TermPagoDias></TermPagoDias>
				<FchVenc></FchVenc>
			</IdDoc>
			<Emisor>
				<RUTEmisor></RUTEmisor>
				<RznSoc></RznSoc>
				<GiroEmis></GiroEmis>
				<Telefono></Telefono>
				<CorreoEmisor></CorreoEmisor>
				<Acteco></Acteco>
				<GuiaExport>
					<CdgTraslado></CdgTraslado>
					<FolioAut></FolioAut>
					<FchAut></FchAut>
				</GuiaExport>
				<Sucursal></Sucursal>
				<CdgSIISucur></CdgSIISucur>
				<DirOrigen></DirOrigen>
				<CmnaOrigen></CmnaOrigen>
				<CiudadOrigen></CiudadOrigen>
				<CdgVendedor></CdgVendedor>
				<IdAdicEmisor></IdAdicEmisor>
			</Emisor>
			<Receptor>
				<RUTRecep></RUTRecep>
				<CdgIntRecep></CdgIntRecep>
				<RznSocRecep></RznSocRecep>
				<Extranjero>
					<NumId></NumId>
					<Nacionalidad></Nacionalidad>
				</Extranjero>
				<GiroRecep></GiroRecep>
				<Contacto></Contacto>
				<CorreoRecep></CorreoRecep>
				<DirRecep></DirRecep>
				<CmnaRecep></CmnaRecep>
				<CiudadRecep></CiudadRecep>
				<DirPostal></DirPostal>
				<CmnaPostal></CmnaPostal>
				<CiudadPostal></CiudadPostal>
			</Receptor>
			<RUTSolicita></RUTSolicita>
			<Transporte>
				<Patente></Patente>
				<RUTTrans></RUTTrans>
				<Chofer>
					<RutChofer></RutChofer>
					<NombreChofer></NombreChofer>
				</Chofer>
				<DirDest></DirDest>
				<CmnaDest></CmnaDest>
				<CiudadDest></CiudadDest>
				<Aduana>
					<CodModVenta></CodModVenta>
					<CodClauVenta></CodClauVenta>
					<TotClauVenta></TotClauVenta>
					<CodViaTransp></CodViaTransp>
					<NombreTransp></NombreTransp>
					<RUTCiaTransp></RUTCiaTransp>
					<NomCiaTransp></NomCiaTransp>
					<IdAdicTrans></IdAdicTrans>
					<Booking></Booking>
					<Operador></Operador>
					<CodPtoEmbarque></CodPtoEmbarque>
					<IdAdicPtoEmb></IdAdicPtoEmb>
					<CodPtoDesemb></CodPtoDesemb>
					<IdAdicPtoDesemb></IdAdicPtoDesemb>
					<Tara></Tara>
					<CodUnidMedTara></CodUnidMedTara>
					<PesoBruto></PesoBruto>
					<CodUnidPesoBruto></CodUnidPesoBruto>
					<PesoNeto></PesoNeto>
					<CodUnidPesoNeto></CodUnidPesoNeto>
					<TotItems></TotItems>
					<TotBultos></TotBultos>
					<TipoBultos>
						<CodTpoBultos></CodTpoBultos>
						<CantBultos></CantBultos>
						<Marcas></Marcas>
						<IdContainer></IdContainer>
						<Sello></Sello>
						<EmisorSello></EmisorSello>
					</TipoBultos>
					<MntFlete></MntFlete>
					<MntSeguro></MntSeguro>
					<CodPaisRecep></CodPaisRecep>
					<CodPaisDestin></CodPaisDestin>
				</Aduana>
			</Transporte>
			<Totales>
				<TpoMoneda></TpoMoneda>
				<MntNeto></MntNeto>
				<MntExe></MntExe>
				<MntBase></MntBase>
				<MntMargenCom></MntMargenCom>
				<TasaIVA></TasaIVA>
				<IVA></IVA>
				<IVAProp></IVAProp>
				<IVATerc></IVATerc>
				<ImptoReten>
					<TipoImp></TipoImp>
					<TasaImp></TasaImp>
					<MontoImp></MontoImp>
				</ImptoReten>
				<IVANoRet></IVANoRet>
				<CredEC></CredEC>
				<GrntDep></GrntDep>
				<Comisiones>
					<ValComNeto></ValComNeto>
					<ValComExe></ValComExe>
					<ValComIVA></ValComIVA>
				</Comisiones>
				<MntTotal></MntTotal>
				<MontoNF></MontoNF>
				<MontoPeriodo></MontoPeriodo>
				<SaldoAnterior></SaldoAnterior>
				<VlrPagar></VlrPagar>
			</Totales>
			<OtraMoneda>
				<TpoMoneda></TpoMoneda>
				<TpoCambio></TpoCambio>
				<MntNetoOtrMnda></MntNetoOtrMnda>
				<MntExeOtrMnda></MntExeOtrMnda>
				<MntFaeCarneOtrMnda></MntFaeCarneOtrMnda>
				<MntMargComOtrMnda></MntMargComOtrMnda>
				<IVAOtrMnda></IVAOtrMnda>
				<ImpRetOtrMnda>
					<TipoImpOtrMnda></TipoImpOtrMnda>
					<TasaImpOtrMnda></TasaImpOtrMnda>
					<VlrImpOtrMnda></VlrImpOtrMnda>
				</ImpRetOtrMnda>
				<IVANoRetOtrMnda></IVANoRetOtrMnda>
				<MntTotOtrMnda></MntTotOtrMnda>
			</OtraMoneda>
		</Encabezado>
		<Detalle>
			<NroLinDet></NroLinDet>
			<CdgItem>
				<TpoCodigo></TpoCodigo>
				<VlrCodigo></VlrCodigo>
			</CdgItem>
			<IndExe></IndExe>
			<NmbItem></NmbItem>
			<DscItem></DscItem>
			<QtyRef></QtyRef>
			<UnmdRef></UnmdRef>
			<PrcRef></PrcRef>
			<QtyItem></QtyItem>
			<Subcantidad>
				<SubQty></SubQty>
				<SubCod></SubCod>
			</Subcantidad>
			<FchElabor></FchElabor>
			<FchVencim></FchVencim>
			<UnmdItem></UnmdItem>
			<PrcItem></PrcItem>
			<OtrMnda>
				<PrcOtrMon></PrcOtrMon>
				<Moneda></Moneda>
				<FctConv></FctConv>
				<DctoOtrMnda></DctoOtrMnda>
				<RecargoOtrMnda></RecargoOtrMnda>
				<MontoItemOtrMnda></MontoItemOtrMnda>
			</OtrMnda>
			<DescuentoPct></DescuentoPct>
			<DescuentoMonto></DescuentoMonto>
			<SubDscto>
				<TipoDscto></TipoDscto>
				<ValorDscto></ValorDscto>
			</SubDscto>
			<RecargoPct></RecargoPct>
			<RecargoMonto></RecargoMonto>
			<SubRecargo>
				<TipoRecargo></TipoRecargo>
				<ValorRecargo></ValorRecargo>
			</SubRecargo>
			<CodImpAdic></CodImpAdic>
			<MontoItem></MontoItem>
		</Detalle>
		<DscRcgGlobal>
			<NroLinDR></NroLinDR>
			<TpoMov></TpoMov>
			<GlosaDR></GlosaDR>
			<TpoValor></TpoValor>
			<ValorDR></ValorDR>
			<ValorDROtrMnda></ValorDROtrMnda>
			<IndExeDR></IndExeDR>
		</DscRcgGlobal>
		<Referencia>
			<NroLinRef></NroLinRef>
			<TpoDocRef></TpoDocRef>
			<IndGlobal></IndGlobal>
			<FolioRef></FolioRef>
			<RUTOtr></RUTOtr>
			<FchRef></FchRef>
			<CodRef></CodRef>
			<RazonRef></RazonRef>
		</Referencia>
	</Exportaciones>
</DTE>
