<TotalesSegmento>
	<TpoDoc/>
	<TpoImp/>
	<TotDoc/>
	<TotAnulado/>
	<TotOpExe/>
	<TotMntExe/>
	<TotMntNeto/>
	<TotOpIVARec/>
	<TotMntIVA/>
	<TotOpActivoFijo/>
	<TotMntActivoFijo/>
	<TotMntIVAActivoFijo/>	
	<TotIVANoRec>
		<CodIVANoRec/>
		<TotOpIVANoRec/>
		<TotMntIVANoRec/>
	</TotIVANoRec>
	<TotOpIVAUsoComun/>
	<TotIVAUsoComun/>
	<TotIVAFueraPlazo/>
	<TotIVAPropio/>
	<TotIVATerceros/>
	<TotLey18211/>
	<TotOtrosImp>
		<CodImp/>
		<TotMntImp/>
	</TotOtrosImp>
	<TotImpSinCredito/>
	<TotOpIVARetTotal/>
	<TotIVARetTotal/>
	<TotOpIVARetParcial/>
	<TotIVARetParcial/>
	<TotCredEC/>
	<TotDepEnvase/>
	<TotLiquidaciones>
		<TotValComNeto/>
		<TotValComExe/>
		<TotValComIVA/>
	</TotLiquidaciones>
	<TotMntTotal/>
	<TotOpIVANoRetenido/>
	<TotIVANoRetenido/>
	<TotMntNoFact/>
	<TotMntPeriodo/>
	<TotPsjNac/>
	<TotPsjInt/>
	<TotTabPuros/>
	<TotTabCigarrillos/>
	<TotTabElaborado/>
</TotalesSegmento>

