<EnvioLibro ID="L20041216124547">
		<Caratula>
			<RutEmisorLibro/>
			<RutEnvia/>
			<PeriodoTributario/>
			<FchResol/>
			<NroResol/>
			<TipoOperacion/>
			<TipoLibro/>
			<TipoEnvio/>
			<FolioNotificacion/>
			<CodAutRec/>
		</Caratula>
		<ResumenPeriodo>		
			<TotalesPeriodo>
				<Segmento/>
				<TpoDoc/>
				<TpoImp/>
				<TotDoc/>
				<TotAnulado/>
				<TotOpExe/>
				<TotMntExe/>
				<TotMntNeto/>
				<TotOpIVARec/>
				<TotMntIVA/>
				<TotOpActivoFijo/>
				<TotMntActivoFijo/>
				<TotMntIVAActivoFijo/>	
				<TotIVANoRec>
					<CodIVANoRec/>
					<TotOpIVANoRec/>
					<TotMntIVANoRec/>
				</TotIVANoRec>
				<TotOpIVAUsoComun/>
				<TotIVAUsoComun/>
				<FctProp/>
				<TotCredIVAUsoComun/>
				<TotIVAFueraPlazo/>
				<TotIVAPropio/>
				<TotIVATerceros/>
				<TotLey18211/>
				<TotOtrosImp>
					<CodImp/>
					<TotMntImp/>
				</TotOtrosImp>
				<TotImpSinCredito/>
				<TotOpIVARetTotal/>
				<TotIVARetTotal/>
				<TotOpIVARetParcial/>
				<TotIVARetParcial/>
				<TotCredEC/>
				<TotDepEnvase/>
				<TotMntTotal/>
				<TotOpIVANoRetenido/>
				<TotIVANoRetenido/>
				<TotMntNoFact/>
				<TotMntPeriodo/>
				<TotPsjNac/>
				<TotPsjInt/>
				<TotTabPuros/>
				<TotTabCigarrillos/>
				<TotTabElaborado/>
				<TotLiquidaciones>
					<TotValComNeto/>
					<TotValComExe/>
					<TotValComIVA/>
				</TotLiquidaciones>
			</TotalesPeriodo>
		</ResumenPeriodo>
		<Detalle>
			<TpoDoc/>
			<Emisor/>
			<NroDoc/>
			<Anulado/>
			<Operacion/>
			<TpoImp/>
			<TasaImp/>
			<NumInt/>
			<IndServicio/>
			<IndSinCosto/>
			<FchDoc/>
			<CdgSIISucur/>
			<RUTDoc/>
			<RznSoc/>
			<TpoDocRef/>
			<FolioDocRef/>
			<MntExe/>
			<MntNeto/>
			<MntIVA/>
			<MntActivoFijo/>
			<MntIVAActivoFijo/>
			<IVANoRec>
				<CodIVANoRec/>
				<MntIVANoRec/>
			</IVANoRec>
			<IVAUsoComun/>
			<IVAFueraPlazo/>
			<IVAPropio/>
			<IVATerceros/>
			<Ley18211/>
			<OtrosImp>
				<CodImp/>
				<TasaImp/>
				<MntImp/>
			</OtrosImp>
			<MntSinCred/>
			<IVARetTotal/>
			<IVARetParcial/>
			<CredEC/>
			<DepEnvase/>
			<MntNoFact/>
			<MntTotal/>
			<IVANoRetenido/>
			<MntNoFact/>
			<MntPeriodo/>
			<PsjNac/>
			<PsjInt/>
			<TabPuros/>
			<TabCigarrillos/>
			<TabElaborado/>
			<ImpVehiculo/>
			<Liquidaciones>
				<RutEmisor/>
				<ValComNeto/>
				<ValComExe/>
				<ValComIVA/>
			</Liquidaciones>
		</Detalle>
		<TmstFirma>2004-12-16T12:45:47</TmstFirma>
</EnvioLibro>		
		
