		<Cesiones>
			<DTECedido version="1.0">
				<DocumentoDTECedido ID="">
					<DTE version="1.0">
					</DTE>
					<ImagenDTE/>
					<TmstFirma/>
				</DocumentoDTECedido>
			</DTECedido>
			<Cesion version="1.0">
				<DocumentoCesion ID="">
					<SeqCesion/>
					<IdDTE>
						<TipoDTE/>
						<RUTEmisor/>
						<RUTReceptor/>
						<Folio/>
						<FchEmis/>
						<MntTotal/>
					</IdDTE>
					<Cedente>
						<RUT/>
						<RazonSocial/>
						<Direccion/>
						<eMail/>
						<RUTAutorizado>
							<RUT/>
							<Nombre/>
						</RUTAutorizado>
						<DeclaracionJurada/>
					</Cedente>
					<Cesionario>
						<RUT/>
						<RazonSocial/>
						<Direccion/>
						<eMail/>
					</Cesionario>
					<MontoCesion/>
					<UltimoVencimiento/>
					<OtrasCondiciones/>
					<eMailDeudor/>
					<TmstCesion/>
				</DocumentoCesion>
			</Cesion>
		</Cesiones>